{"exact": 89.76348155156103, "f1": 94.97402298950787, "total": 10570, "HasAns_exact": 89.76348155156103, "HasAns_f1": 94.97402298950787, "HasAns_total": 10570}