{"exact": 88.9593188268685, "f1": 94.53257172846624, "total": 10570, "HasAns_exact": 88.9593188268685, "HasAns_f1": 94.53257172846624, "HasAns_total": 10570}